Table,Year,MsCode,CatCode,HECCode,Estimate,RSE,LowerCIB,UpperCIB,Flag
T1,2016,M001,C000A,01.1,24.5,4.2,23.5,25.6,
T1,2016,M001,C000A,01.1.01,10.5,5,10,11.1,
T1,2016,M001,C000A,01.1.02,14,4.4,13.4,14.6,
T1,2016,M001,C000A,01.2,29.2,3.8,28.1,30.3,
T1,2016,M001,C000A,01.2.01,24.6,3.8,23.6,25.5,
T1,2016,M001,C000A,01.2.02,4.6,8.8,4.2,5,
T1,2016,M001,C000A,01.3,87.8,3.9,84.4,91.2,
T1,2016,M001,C000A,01.3.01,18.6,3.3,18,19.2,
T1,2016,M001,C000A,01.3.02,15.2,3.9,14.6,15.8,
T1,2016,M001,C000A,01.3.03,2.8,5.2,2.6,2.9,
T1,2016,M001,C000A,01.3.04,5.1,4.4,4.9,5.4,
T1,2016,M001,C000A,01.3.05,12.8,4.3,12.3,13.3,
T1,2016,M001,C000A,01.3.06,33.3,9.1,30.3,36.3,
T1,2016,M001,C000A,01.4,11.7,5,11.1,12.3,
T1,2016,M001,C000A,01.4.01,3.8,6.9,3.5,4,
T1,2016,M001,C000A,01.4.02,7.9,6.4,7.4,8.4,
T1,2016,M001,C000A,01.5,60.7,6,57,64.4,
T1,2016,M001,C000A,01.5.01,23.6,8.5,21.6,25.6,
T1,2016,M001,C000A,01.5.02,36.4,6.1,34.2,38.6,
T1,2016,M001,C000A,01.5.03,0.7,97.5,0,1.4,
T1,2016,M001,C000A,01,213.9,3.2,207,220.7,
T1,2016,M001,C000A,02.1,21.2,8.2,19.4,22.9,
T1,2016,M001,C000A,02.1.01,7.2,11.1,6.4,8,
T1,2016,M001,C000A,02.1.02,8.8,9.3,8,9.6,
T1,2016,M001,C000A,02.1.03,2.3,20.7,1.8,2.8,
T1,2016,M001,C000A,02.1.04,2.9,25.2,2.2,3.7,
T1,2016,M001,C000A,02.2,9.2,13.7,8,10.5,
T1,2016,M001,C000A,02.2.00,9.2,13.7,8,10.5,
T1,2016,M001,C000A,02.3,,,,,S
T1,2016,M001,C000A,02.3.00,,,,,S
T1,2016,M001,C000A,02,30.4,7.6,28.1,32.7,
T1,2016,M001,C000A,03.1,29.3,10,26.4,32.2,
T1,2016,M001,C000A,03.1.01,6.3,12.4,5.5,7.1,
T1,2016,M001,C000A,03.1.02,5.5,21.8,4.3,6.6,
T1,2016,M001,C000A,03.1.03,12.3,15.3,10.4,14.2,
T1,2016,M001,C000A,03.1.04,2.9,23.6,2.2,3.6,
T1,2016,M001,C000A,03.1.05,0.8,23.5,0.6,1,
T1,2016,M001,C000A,03.1.06,0.7,27.3,0.5,0.9,
T1,2016,M001,C000A,03.1.07,0.9,23.5,0.7,1.1,
T1,2016,M001,C000A,03.2,7.4,16.1,6.2,8.6,
T1,2016,M001,C000A,03.2.01,2.1,29.2,1.5,2.7,
T1,2016,M001,C000A,03.2.02,1.2,35,0.8,1.6,
T1,2016,M001,C000A,03.2.03,3.2,28.4,2.3,4.1,
T1,2016,M001,C000A,03.2.04,0.6,28.6,0.4,0.8,
T1,2016,M001,C000A,03.2.05,0.3,51.5,0.1,0.4,
T1,2016,M001,C000A,03,36.7,10,33.1,40.4,
T1,2016,M001,C000A,04.1,101.4,7.1,94.2,108.6,
T1,2016,M001,C000A,04.1.01,99.2,7.2,92.1,106.3,
T1,2016,M001,C000A,04.1.02,2.2,21.9,1.7,2.7,
T1,2016,M001,C000A,04.2,109.5,21.7,85.8,133.2,
T1,2016,M001,C000A,04.2.01,60.2,10.7,53.8,66.6,
T1,2016,M001,C000A,04.2.02,4.1,24.1,3.1,5.1,
T1,2016,M001,C000A,04.2.03,45.2,48.6,23.2,67.1,
T1,2016,M001,C000A,04.3,25.6,19.9,20.5,30.7,
T1,2016,M001,C000A,04.3.01,8.5,42.7,4.8,12.1,
T1,2016,M001,C000A,04.3.02,17.1,19.1,13.9,20.4,
T1,2016,M001,C000A,04.4,38.6,3.2,37.4,39.9,
T1,2016,M001,C000A,04.4.01,4.1,9,3.8,4.5,
T1,2016,M001,C000A,04.4.02,1.4,22.1,1.1,1.8,
T1,2016,M001,C000A,04.4.03,32.8,3.5,31.7,33.9,
T1,2016,M001,C000A,04.4.04,0.2,46,0.1,0.3,
T1,2016,M001,C000A,04.5,46.4,3.1,45,47.8,
T1,2016,M001,C000A,04.5.01,37.7,3.7,36.3,39.1,
T1,2016,M001,C000A,04.5.02,2.8,14.8,2.4,3.3,
T1,2016,M001,C000A,04.5.03,1.1,16,1,1.3,
T1,2016,M001,C000A,04.5.04,0.1,63.3,0,0.1,
T1,2016,M001,C000A,04.5.05,4.6,16.3,3.8,5.4,
T1,2016,M001,C000A,04.6,1.7,37.4,1.1,2.4,
T1,2016,M001,C000A,04.6.00,1.7,37.4,1.1,2.4,
T1,2016,M001,C000A,04,323.2,7.8,297.8,348.5,
T1,2016,M001,C000A,05.1,12.6,12.3,11,14.1,
T1,2016,M001,C000A,05.1.01,10.2,11.9,8.9,11.4,
T1,2016,M001,C000A,05.1.02,2.2,34.4,1.5,3,
T1,2016,M001,C000A,05.1.03,0.2,103.2,0,0.4,
T1,2016,M001,C000A,05.2,3.9,15,3.3,4.5,
T1,2016,M001,C000A,05.2.00,3.9,15,3.3,4.5,
T1,2016,M001,C000A,05.3,9,10.8,8.1,10,
T1,2016,M001,C000A,05.3.01,7.4,11.7,6.5,8.2,
T1,2016,M001,C000A,05.3.02,1.3,28.9,0.9,1.7,
T1,2016,M001,C000A,05.3.03,0.4,28.7,0.3,0.5,
T1,2016,M001,C000A,05.4,4.4,17.4,3.7,5.2,
T1,2016,M001,C000A,05.4.00,4.4,17.4,3.7,5.2,
T1,2016,M001,C000A,05.5,6.5,14.6,5.6,7.5,
T1,2016,M001,C000A,05.5.01,2.2,22.5,1.7,2.7,
T1,2016,M001,C000A,05.5.02,4.4,19.2,3.5,5.2,
T1,2016,M001,C000A,05.6,10.8,10.1,9.7,11.9,
T1,2016,M001,C000A,05.6.01,6.9,6.1,6.5,7.3,
T1,2016,M001,C000A,05.6.02,3.9,25.4,2.9,4.9,
T1,2016,M001,C000A,05,47.3,6.2,44.4,50.3,
T1,2016,M001,C000A,06.1,13.5,15.9,11.3,15.6,
T1,2016,M001,C000A,06.1.01,8.8,10.7,7.8,9.7,
T1,2016,M001,C000A,06.1.02,0.4,33.4,0.3,0.6,
T1,2016,M001,C000A,06.1.03,4.3,43.6,2.4,6.2,
T1,2016,M001,C000A,06.2,23.8,18.9,19.3,28.2,
T1,2016,M001,C000A,06.2.01,15.3,26.4,11.3,19.3,
T1,2016,M001,C000A,06.2.02,8,20,6.4,9.6,
T1,2016,M001,C000A,06.2.03,0.5,63.6,0.2,0.8,
T1,2016,M001,C000A,06.3,0.5,104,0,1,
T1,2016,M001,C000A,06.3.00,0.5,104,0,1,
T1,2016,M001,C000A,06,37.8,13.7,32.6,42.9,
T1,2016,M001,C000A,07.1,71.8,14.6,61.4,82.3,
T1,2016,M001,C000A,07.1.01,25.6,25.7,19.1,32.2,
T1,2016,M001,C000A,07.1.02,44,15.3,37.2,50.7,
T1,2016,M001,C000A,07.1.03,1.4,59.7,0.6,2.2,
T1,2016,M001,C000A,07.1.04,0.8,44,0.5,1.2,
T1,2016,M001,C000A,07.2,67.8,4.2,65,70.7,
T1,2016,M001,C000A,07.2.01,5.6,14,4.8,6.4,
T1,2016,M001,C000A,07.2.02,42.4,5,40.3,44.5,
T1,2016,M001,C000A,07.2.03,2.9,19.4,2.4,3.5,
T1,2016,M001,C000A,07.2.04,6,13.6,5.1,6.8,
T1,2016,M001,C000A,07.2.05,10.9,7.1,10.1,11.7,
T1,2016,M001,C000A,07.3,50,12.4,43.8,56.3,
T1,2016,M001,C000A,07.3.01,0.7,39.3,0.4,1,
T1,2016,M001,C000A,07.3.02,4.5,15.4,3.8,5.1,
T1,2016,M001,C000A,07.3.03,4.3,16.4,3.6,5,
T1,2016,M001,C000A,07.3.04,39.2,15.1,33.3,45.1,
T1,2016,M001,C000A,07.3.05,0.9,66.6,0.3,1.4,
T1,2016,M001,C000A,07.3.06,,,,,S
T1,2016,M001,C000A,07.3.07,0.2,84.6,0,0.4,
T1,2016,M001,C000A,07,189.7,7.7,175.2,204.3,
T1,2016,M001,C000A,08.1,1.2,22,1,1.5,
T1,2016,M001,C000A,08.1.00,1.2,22,1,1.5,
T1,2016,M001,C000A,08.2,3,34.3,1.9,4,
T1,2016,M001,C000A,08.2.00,3,34.3,1.9,4,
T1,2016,M001,C000A,08.3,31,2.7,30.2,31.8,
T1,2016,M001,C000A,08.3.00,31,2.7,30.2,31.8,
T1,2016,M001,C000A,08,35.2,3.9,33.8,36.6,
T1,2016,M001,C000A,09.1,8.9,11.6,7.8,9.9,
T1,2016,M001,C000A,09.1.01,3.4,17.1,2.8,4,
T1,2016,M001,C000A,09.1.02,4,17.5,3.3,4.7,
T1,2016,M001,C000A,09.1.03,1.3,18.9,1,1.5,
T1,2016,M001,C000A,09.1.04,0.2,53.8,0.1,0.3,
T1,2016,M001,C000A,09.2,4.8,56,2.1,7.5,
T1,2016,M001,C000A,09.2.00,4.8,56,2.1,7.5,
T1,2016,M001,C000A,09.3,25,9.5,22.6,27.4,
T1,2016,M001,C000A,09.3.01,5.7,17.3,4.7,6.6,
T1,2016,M001,C000A,09.3.02,5.8,26.2,4.3,7.3,
T1,2016,M001,C000A,09.3.03,5,14.5,4.3,5.7,
T1,2016,M001,C000A,09.3.04,8.5,13,7.4,9.6,
T1,2016,M001,C000A,09.4,44.2,8.6,40.4,48,
T1,2016,M001,C000A,09.4.01,12.9,12.1,11.3,14.4,
T1,2016,M001,C000A,09.4.02,22.1,10,19.8,24.3,
T1,2016,M001,C000A,09.4.03,4.2,27.2,3.1,5.4,
T1,2016,M001,C000A,09.4.04,5,36.7,3.2,6.9,
T1,2016,M001,C000A,09.5,8.6,10.5,7.7,9.5,
T1,2016,M001,C000A,09.5.01,2.5,26,1.9,3.2,
T1,2016,M001,C000A,09.5.02,2.3,16.5,1.9,2.7,
T1,2016,M001,C000A,09.5.03,0.8,15.6,0.7,1,
T1,2016,M001,C000A,09.5.04,2.9,15.8,2.5,3.4,
T1,2016,M001,C000A,09.6,21.4,15.2,18.1,24.6,
T1,2016,M001,C000A,09.6.00,21.4,15.2,18.1,24.6,
T1,2016,M001,C000A,09.9,2.3,79.8,0.5,4.1,
T1,2016,M001,C000A,09.9.00,2.3,79.8,0.5,4.1,
T1,2016,M001,C000A,09,115.1,6.6,107.6,122.7,
T1,2016,M001,C000A,10.1,5.3,27.3,3.9,6.8,
T1,2016,M001,C000A,10.1.00,5.3,27.3,3.9,6.8,
T1,2016,M001,C000A,10.2,6.1,34.7,4,8.2,
T1,2016,M001,C000A,10.2.00,6.1,34.7,4,8.2,
T1,2016,M001,C000A,10.3,8.6,34.3,5.6,11.5,
T1,2016,M001,C000A,10.3.00,8.6,34.3,5.6,11.5,
T1,2016,M001,C000A,10.4,1.5,47.2,0.8,2.2,
T1,2016,M001,C000A,10.4.00,1.5,47.2,0.8,2.2,
T1,2016,M001,C000A,10,21.5,18.3,17.6,25.4,
T1,2016,M001,C000A,11.1,25.4,7.4,23.5,27.2,
T1,2016,M001,C000A,11.1.01,10.3,13.9,8.9,11.7,
T1,2016,M001,C000A,11.1.02,0.3,41.1,0.2,0.4,
T1,2016,M001,C000A,11.1.03,14.8,6.8,13.8,15.8,
T1,2016,M001,C000A,11.3,14,13.6,12.1,15.9,
T1,2016,M001,C000A,11.3.01,2.5,25.5,1.9,3.2,
T1,2016,M001,C000A,11.3.02,11.5,15.1,9.7,13.2,
T1,2016,M001,C000A,11.4,59.9,5.1,56.8,62.9,
T1,2016,M001,C000A,11.4.01,9.6,12.8,8.4,10.9,
T1,2016,M001,C000A,11.4.02,6.1,8.6,5.5,6.6,
T1,2016,M001,C000A,11.4.03,4.4,8.2,4,4.8,
T1,2016,M001,C000A,11.4.04,10.4,12.3,9.1,11.7,
T1,2016,M001,C000A,11.4.05,9.4,6,8.9,10,
T1,2016,M001,C000A,11.4.06,16.7,7.7,15.4,18,
T1,2016,M001,C000A,11.4.07,3.2,21.2,2.5,3.9,
T1,2016,M001,C000A,11.5,2.7,12,2.3,3,
T1,2016,M001,C000A,11.5.01,2.7,12,2.3,3,
T1,2016,M001,C000A,11.5.02,,,,,S
T1,2016,M001,C000A,11.6,9.7,27.3,7.1,12.4,
T1,2016,M001,C000A,11.6.01,1.4,28.7,1,1.8,
T1,2016,M001,C000A,11.6.02,5.2,43.3,3,7.5,
T1,2016,M001,C000A,11.6.03,,,,,S
T1,2016,M001,C000A,11.6.04,3.1,34,2,4.1,
T1,2016,M001,C000A,11,111.6,5,106.1,117.2,
T1,2016,M001,C000A,13.1,102.2,11.8,90.1,114.2,
T1,2016,M001,C000A,13.1.01,91.2,10.2,81.9,100.5,
T1,2016,M001,C000A,13.1.02,7.5,70,2.3,12.8,
T1,2016,M001,C000A,13.1.03,0.6,42.1,0.3,0.8,
T1,2016,M001,C000A,13.1.04,2.8,26.4,2.1,3.6,
T1,2016,M001,C000A,13.2,32.3,14.4,27.6,36.9,
T1,2016,M001,C000A,13.2.00,32.3,14.4,27.6,36.9,
T1,2016,M001,C000A,13.3,7.5,45.3,4.1,10.9,
T1,2016,M001,C000A,13.3.00,7.5,45.3,4.1,10.9,
T1,2016,M001,C000A,13.4,0.2,74.2,0.1,0.4,
T1,2016,M001,C000A,13.4.00,0.2,74.2,0.1,0.4,
T1,2016,M001,C000A,13,142.2,10.9,126.7,157.7,
T1,2016,M001,C000A,14,-43.7,35.5,-59.3,-28.2,
T1,2016,M001,C000A,Net,1260.9,4.6,1202.3,1319.5,
T1,2019,M001,C000A,01.1,23.5,4,22.6,24.5,
T1,2019,M001,C000A,01.1.01,9.6,4.7,9.2,10,
T1,2019,M001,C000A,01.1.02,13.9,4.5,13.3,14.6,
T1,2019,M001,C000A,01.2,28.1,5.3,26.6,29.5,
T1,2019,M001,C000A,01.2.01,23.3,5.3,22,24.5,
T1,2019,M001,C000A,01.2.02,4.8,10.4,4.3,5.3,
T1,2019,M001,C000A,01.3,102.8,3.3,99.5,106.2,
T1,2019,M001,C000A,01.3.01,18.3,4.2,17.5,19,
T1,2019,M001,C000A,01.3.02,15.5,4.5,14.8,16.2,
T1,2019,M001,C000A,01.3.03,3.3,7.8,3,3.5,
T1,2019,M001,C000A,01.3.04,5.2,6.9,4.8,5.6,
T1,2019,M001,C000A,01.3.05,13.1,6.1,12.3,13.9,
T1,2019,M001,C000A,01.3.06,47.5,7.6,43.9,51.1,
T1,2019,M001,C000A,01.4,11.5,6.6,10.7,12.2,
T1,2019,M001,C000A,01.4.01,3.9,11,3.5,4.4,
T1,2019,M001,C000A,01.4.02,7.5,6.4,7.1,8,
T1,2019,M001,C000A,01.5,67.7,8,62.2,73.1,
T1,2019,M001,C000A,01.5.01,26.5,8.2,24.3,28.6,
T1,2019,M001,C000A,01.5.02,39,5.1,37,41,
T1,2019,M001,C000A,01.5.03,2.2,182.7,-1.8,6.1,
T1,2019,M001,C000A,01,233.6,2.9,226.8,240.3,
T1,2019,M001,C000A,02.1,20.5,7.5,19,22.1,
T1,2019,M001,C000A,02.1.01,7.1,10.1,6.3,7.8,
T1,2019,M001,C000A,02.1.02,7.9,10.5,7.1,8.7,
T1,2019,M001,C000A,02.1.03,2.1,24.8,1.6,2.6,
T1,2019,M001,C000A,02.1.04,3.5,18.9,2.8,4.1,
T1,2019,M001,C000A,02.2,8.8,13.5,7.6,10,
T1,2019,M001,C000A,02.2.00,8.8,13.5,7.6,10,
T1,2019,M001,C000A,02.3,,,,,S
T1,2019,M001,C000A,02.3.00,,,,,S
T1,2019,M001,C000A,02,29.4,6.9,27.3,31.4,
T1,2019,M001,C000A,03.1,29,10.1,26.1,31.9,
T1,2019,M001,C000A,03.1.01,9.9,15.4,8.4,11.4,
T1,2019,M001,C000A,03.1.02,4.5,28.2,3.2,5.8,
T1,2019,M001,C000A,03.1.03,10.3,14.4,8.8,11.8,
T1,2019,M001,C000A,03.1.04,2,18.8,1.6,2.4,
T1,2019,M001,C000A,03.1.05,0.7,20.3,0.6,0.9,
T1,2019,M001,C000A,03.1.06,0.7,37,0.5,1,
T1,2019,M001,C000A,03.1.07,0.8,35.3,0.5,1.1,
T1,2019,M001,C000A,03.2,7.7,16.7,6.4,9,
T1,2019,M001,C000A,03.2.01,3.1,25,2.3,3.9,
T1,2019,M001,C000A,03.2.02,1.2,54.5,0.6,1.9,
T1,2019,M001,C000A,03.2.03,2.2,29.1,1.6,2.9,
T1,2019,M001,C000A,03.2.04,1,43.2,0.6,1.4,
T1,2019,M001,C000A,03.2.05,0.2,40.6,0.1,0.3,
T1,2019,M001,C000A,03,36.7,9.4,33.2,40.1,
T1,2019,M001,C000A,04.1,123.4,6.4,115.4,131.3,
T1,2019,M001,C000A,04.1.01,120.7,6.4,112.9,128.5,
T1,2019,M001,C000A,04.1.02,2.7,26.8,2,3.4,
T1,2019,M001,C000A,04.2,104.2,13.4,90.2,118.2,
T1,2019,M001,C000A,04.2.01,69.2,8.4,63.4,75,
T1,2019,M001,C000A,04.2.02,4,26.3,3,5.1,
T1,2019,M001,C000A,04.2.03,31,35,20.2,41.9,
T1,2019,M001,C000A,04.3,28.6,16.8,23.8,33.4,
T1,2019,M001,C000A,04.3.01,10,27.3,7.3,12.7,
T1,2019,M001,C000A,04.3.02,18.6,21,14.7,22.5,
T1,2019,M001,C000A,04.4,39.7,4.2,38.1,41.4,
T1,2019,M001,C000A,04.4.01,4.5,7.7,4.2,4.9,
T1,2019,M001,C000A,04.4.02,1.2,21.3,0.9,1.5,
T1,2019,M001,C000A,04.4.03,33.8,4.5,32.3,35.3,
T1,2019,M001,C000A,04.4.04,0.2,54.1,0.1,0.3,
T1,2019,M001,C000A,04.5,44.6,2.6,43.5,45.8,
T1,2019,M001,C000A,04.5.01,36.9,3.1,35.8,38.1,
T1,2019,M001,C000A,04.5.02,3.1,8.8,2.8,3.4,
T1,2019,M001,C000A,04.5.03,1.1,12.4,1,1.2,
T1,2019,M001,C000A,04.5.04,0.1,81.4,0,0.1,
T1,2019,M001,C000A,04.5.05,3.5,14.5,3,4,
T1,2019,M001,C000A,04.6,3.7,34.3,2.4,4.9,
T1,2019,M001,C000A,04.6.00,3.7,34.3,2.4,4.9,
T1,2019,M001,C000A,04,344.2,4.9,327.5,360.9,
T1,2019,M001,C000A,05.1,13.6,14.2,11.7,15.5,
T1,2019,M001,C000A,05.1.01,10.5,16.2,8.8,12.2,
T1,2019,M001,C000A,05.1.02,2.7,28.1,2,3.5,
T1,2019,M001,C000A,05.1.03,0.4,105,0,0.8,
T1,2019,M001,C000A,05.2,4.8,17.4,4,5.7,
T1,2019,M001,C000A,05.2.00,4.8,17.4,4,5.7,
T1,2019,M001,C000A,05.3,10.2,17.9,8.4,12.1,
T1,2019,M001,C000A,05.3.01,8.4,21.1,6.6,10.2,
T1,2019,M001,C000A,05.3.02,1.3,41.1,0.8,1.8,
T1,2019,M001,C000A,05.3.03,0.5,65.4,0.2,0.9,
T1,2019,M001,C000A,05.4,4.1,15.7,3.5,4.8,
T1,2019,M001,C000A,05.4.00,4.1,15.7,3.5,4.8,
T1,2019,M001,C000A,05.5,5.7,13.7,4.9,6.5,
T1,2019,M001,C000A,05.5.01,2.3,19.9,1.9,2.8,
T1,2019,M001,C000A,05.5.02,3.4,17.5,2.8,4,
T1,2019,M001,C000A,05.6,12.8,14.2,11,14.6,
T1,2019,M001,C000A,05.6.01,7.2,8.7,6.6,7.8,
T1,2019,M001,C000A,05.6.02,5.6,29.7,3.9,7.3,
T1,2019,M001,C000A,05,51.3,7.7,47.4,55.2,
T1,2019,M001,C000A,06.1,13.9,16.2,11.6,16.1,
T1,2019,M001,C000A,06.1.01,9,11.5,8,10,
T1,2019,M001,C000A,06.1.02,1,62.2,0.4,1.6,
T1,2019,M001,C000A,06.1.03,3.9,46.9,2.1,5.7,
T1,2019,M001,C000A,06.2,27,11.5,23.9,30.1,
T1,2019,M001,C000A,06.2.01,15.2,13.5,13.2,17.3,
T1,2019,M001,C000A,06.2.02,11.6,20.5,9.2,13.9,
T1,2019,M001,C000A,06.2.03,0.2,39.9,0.1,0.3,
T1,2019,M001,C000A,06.3,1,104.9,0,2,
T1,2019,M001,C000A,06.3.00,1,104.9,0,2,
T1,2019,M001,C000A,06,41.9,10.3,37.6,46.2,
T1,2019,M001,C000A,07.1,77.3,10.8,69,85.6,
T1,2019,M001,C000A,07.1.01,30.3,21.7,23.7,36.9,
T1,2019,M001,C000A,07.1.02,44.8,12.4,39.2,50.3,
T1,2019,M001,C000A,07.1.03,1.1,39.4,0.6,1.5,
T1,2019,M001,C000A,07.1.04,1.2,26.4,0.9,1.5,
T1,2019,M001,C000A,07.2,74.6,4.2,71.5,77.7,
T1,2019,M001,C000A,07.2.01,7.4,17.7,6.1,8.8,
T1,2019,M001,C000A,07.2.02,48.5,4.9,46.1,50.9,
T1,2019,M001,C000A,07.2.03,4.1,16.6,3.4,4.8,
T1,2019,M001,C000A,07.2.04,5.6,11.1,5,6.2,
T1,2019,M001,C000A,07.2.05,8.9,6.1,8.4,9.5,
T1,2019,M001,C000A,07.3,63.9,9.9,57.6,70.2,
T1,2019,M001,C000A,07.3.01,1.1,50.3,0.6,1.7,
T1,2019,M001,C000A,07.3.02,5.5,12.5,4.8,6.2,
T1,2019,M001,C000A,07.3.03,5.1,14.1,4.4,5.8,
T1,2019,M001,C000A,07.3.04,48.7,11.9,42.9,54.5,
T1,2019,M001,C000A,07.3.05,0.4,83.9,0.1,0.7,
T1,2019,M001,C000A,07.3.06,,,,,S
T1,2019,M001,C000A,07.3.07,3.1,20.4,2.5,3.7,
T1,2019,M001,C000A,07,215.8,5.4,204.3,227.4,
T1,2019,M001,C000A,08.1,1.2,41,0.7,1.8,
T1,2019,M001,C000A,08.1.00,1.2,41,0.7,1.8,
T1,2019,M001,C000A,08.2,5,66.3,1.7,8.3,
T1,2019,M001,C000A,08.2.00,5,66.3,1.7,8.3,
T1,2019,M001,C000A,08.3,32.7,3.2,31.7,33.8,
T1,2019,M001,C000A,08.3.00,32.7,3.2,31.7,33.8,
T1,2019,M001,C000A,08,39,9,35.5,42.5,
T1,2019,M001,C000A,09.1,9.8,12.6,8.6,11.1,
T1,2019,M001,C000A,09.1.01,3.5,17.8,2.9,4.2,
T1,2019,M001,C000A,09.1.02,4.7,17.5,3.9,5.5,
T1,2019,M001,C000A,09.1.03,1,27.2,0.7,1.3,
T1,2019,M001,C000A,09.1.04,0.6,61.9,0.2,1,
T1,2019,M001,C000A,09.2,4.9,33.1,3.3,6.5,
T1,2019,M001,C000A,09.2.00,4.9,33.1,3.3,6.5,
T1,2019,M001,C000A,09.3,28.5,17.3,23.6,33.4,
T1,2019,M001,C000A,09.3.01,5,18.4,4.1,5.9,
T1,2019,M001,C000A,09.3.02,7.9,54,3.6,12.2,
T1,2019,M001,C000A,09.3.03,6.7,16,5.6,7.7,
T1,2019,M001,C000A,09.3.04,8.9,14.8,7.6,10.3,
T1,2019,M001,C000A,09.4,41.7,7.7,38.5,44.9,
T1,2019,M001,C000A,09.4.01,14.2,11.5,12.6,15.9,
T1,2019,M001,C000A,09.4.02,18.3,10.5,16.4,20.2,
T1,2019,M001,C000A,09.4.03,4.8,31.1,3.3,6.3,
T1,2019,M001,C000A,09.4.04,4.4,15.4,3.7,5,
T1,2019,M001,C000A,09.5,7.5,12.1,6.6,8.4,
T1,2019,M001,C000A,09.5.01,2.5,20.5,2,3,
T1,2019,M001,C000A,09.5.02,2,23.5,1.5,2.4,
T1,2019,M001,C000A,09.5.03,0.8,18.7,0.6,0.9,
T1,2019,M001,C000A,09.5.04,2.2,15.5,1.9,2.6,
T1,2019,M001,C000A,09.6,30,20.6,23.8,36.1,
T1,2019,M001,C000A,09.6.00,30,20.6,23.8,36.1,
T1,2019,M001,C000A,09.9,7.6,55.9,3.3,11.8,
T1,2019,M001,C000A,09.9.00,7.6,55.9,3.3,11.8,
T1,2019,M001,C000A,09,130,8.2,119.4,140.6,
T1,2019,M001,C000A,10.1,6.6,18.9,5.3,7.8,
T1,2019,M001,C000A,10.1.00,6.6,18.9,5.3,7.8,
T1,2019,M001,C000A,10.2,4.2,24.6,3.1,5.2,
T1,2019,M001,C000A,10.2.00,4.2,24.6,3.1,5.2,
T1,2019,M001,C000A,10.3,6.4,41.2,3.8,9.1,
T1,2019,M001,C000A,10.3.00,6.4,41.2,3.8,9.1,
T1,2019,M001,C000A,10.4,2.3,67.5,0.7,3.8,
T1,2019,M001,C000A,10.4.00,2.3,67.5,0.7,3.8,
T1,2019,M001,C000A,10,19.5,17.2,16.1,22.8,
T1,2019,M001,C000A,11.1,25.1,11.1,22.3,27.9,
T1,2019,M001,C000A,11.1.01,11.6,21.6,9.1,14.1,
T1,2019,M001,C000A,11.1.02,0.4,62.2,0.2,0.7,
T1,2019,M001,C000A,11.1.03,13.2,7.5,12.2,14.1,
T1,2019,M001,C000A,11.3,14.8,12.5,13,16.7,
T1,2019,M001,C000A,11.3.01,2.5,42.7,1.4,3.5,
T1,2019,M001,C000A,11.3.02,12.4,12.1,10.9,13.9,
T1,2019,M001,C000A,11.4,65.3,3.9,62.7,67.9,
T1,2019,M001,C000A,11.4.01,10.1,8.3,9.3,11,
T1,2019,M001,C000A,11.4.02,7.1,9.3,6.4,7.7,
T1,2019,M001,C000A,11.4.03,2.2,11.2,1.9,2.4,
T1,2019,M001,C000A,11.4.04,10.7,11.3,9.5,11.9,
T1,2019,M001,C000A,11.4.05,10.9,5.2,10.3,11.5,
T1,2019,M001,C000A,11.4.06,20.9,6.1,19.6,22.1,
T1,2019,M001,C000A,11.4.07,3.5,12.4,3.1,3.9,
T1,2019,M001,C000A,11.5,2.2,9.5,2,2.4,
T1,2019,M001,C000A,11.5.01,2.2,9.6,2,2.4,
T1,2019,M001,C000A,11.5.02,,,,,S
T1,2019,M001,C000A,11.6,6.8,30.3,4.7,8.8,
T1,2019,M001,C000A,11.6.01,1.4,17.4,1.2,1.7,
T1,2019,M001,C000A,11.6.02,2.8,64.7,1,4.6,
T1,2019,M001,C000A,11.6.03,,,,,S
T1,2019,M001,C000A,11.6.04,2.6,32.5,1.7,3.4,
T1,2019,M001,C000A,11,114.2,4.3,109.2,119.2,
T1,2019,M001,C000A,13.1,91.5,7.8,84.3,98.7,
T1,2019,M001,C000A,13.1.01,82.6,8.4,75.6,89.6,
T1,2019,M001,C000A,13.1.02,5.8,21.2,4.5,7,
T1,2019,M001,C000A,13.1.03,0.9,31.5,0.6,1.1,
T1,2019,M001,C000A,13.1.04,2.3,16,1.9,2.6,
T1,2019,M001,C000A,13.2,36.9,8.1,33.9,39.8,
T1,2019,M001,C000A,13.2.00,36.9,8.1,33.9,39.8,
T1,2019,M001,C000A,13.3,5.2,38.3,3.2,7.2,
T1,2019,M001,C000A,13.3.00,5.2,38.3,3.2,7.2,
T1,2019,M001,C000A,13.4,0.1,61.7,0,0.1,
T1,2019,M001,C000A,13.4.00,0.1,61.7,0,0.1,
T1,2019,M001,C000A,13,133.6,6.2,125.4,141.9,
T1,2019,M001,C000A,14,-40.4,27.9,-51.6,-29.1,
T1,2019,M001,C000A,Net,1348.7,2.7,1311.7,1385.7,
T1,D001,M001,C000A,01.1,-4,5.5,-9.5,1.5,
T1,D001,M001,C000A,01.1.01,-8.8,6.1,-14.9,-2.7,
T1,D001,M001,C000A,01.1.02,-0.4,6.3,-6.7,5.9,
T1,D001,M001,C000A,01.2,-3.8,5.7,-9.6,1.9,
T1,D001,M001,C000A,01.2.01,-5.3,5.8,-11,0.5,
T1,D001,M001,C000A,01.2.02,3.6,13.9,-10.2,17.5,
T1,D001,M001,C000A,01.3,17.2,6.3,10.9,23.4,
T1,D001,M001,C000A,01.3.01,-1.8,5.3,-7.1,3.5,
T1,D001,M001,C000A,01.3.02,1.8,5.8,-4,7.6,
T1,D001,M001,C000A,01.3.03,18.2,10.7,7.5,28.9,
T1,D001,M001,C000A,01.3.04,1.2,8,-6.8,9.2,
T1,D001,M001,C000A,01.3.05,2.5,7.5,-5,10.1,
T1,D001,M001,C000A,01.3.06,42.8,17.5,25.3,60.3,
T1,D001,M001,C000A,01.4,-1.8,7.8,-9.6,6,
T1,D001,M001,C000A,01.4.01,4.2,13.8,-9.6,18,
T1,D001,M001,C000A,01.4.02,-4.7,8.3,-13,3.5,
T1,D001,M001,C000A,01.5,11.5,10.9,0.6,22.3,
T1,D001,M001,C000A,01.5.01,12,11.9,0.1,23.9,
T1,D001,M001,C000A,01.5.02,7.3,8.6,-1.4,15.9,
T1,D001,M001,C000A,01.5.03,214.4,687.6,-473.2,902,
T1,D001,M001,C000A,01,9.2,4.7,4.5,13.9,
T1,D001,M001,C000A,02.1,-3,10.5,-13.6,7.5,
T1,D001,M001,C000A,02.1.01,-1.5,14.9,-16.4,13.4,
T1,D001,M001,C000A,02.1.02,-10,11.1,-21.1,1.2,
T1,D001,M001,C000A,02.1.03,-9.3,30.1,-39.4,20.8,
T1,D001,M001,C000A,02.1.04,18.8,39,-20.2,57.8,
T1,D001,M001,C000A,02.2,-5,19,-24,14,
T1,D001,M001,C000A,02.2.00,-5,19,-24,14,
T1,D001,M001,C000A,02.3,,,,,S
T1,D001,M001,C000A,02.3.00,,,,,S
T1,D001,M001,C000A,02,-3.5,9.8,-13.2,6.3,
T1,D001,M001,C000A,03.1,-1.2,14.9,-16.1,13.7,
T1,D001,M001,C000A,03.1.01,57.2,29.8,27.4,87,
T1,D001,M001,C000A,03.1.02,-17.7,31.7,-49.4,14.1,
T1,D001,M001,C000A,03.1.03,-15.8,18.1,-33.9,2.3,
T1,D001,M001,C000A,03.1.04,-31.7,20.1,-51.8,-11.6,
T1,D001,M001,C000A,03.1.05,-9.3,30.6,-39.9,21.3,
T1,D001,M001,C000A,03.1.06,5.9,50.1,-44.2,56,
T1,D001,M001,C000A,03.1.07,-10.4,36.9,-47.3,26.4,
T1,D001,M001,C000A,03.2,3.9,23.9,-20.1,27.8,
T1,D001,M001,C000A,03.2.01,47.8,58.1,-10.3,105.8,
T1,D001,M001,C000A,03.2.02,2.6,66.6,-64,69.3,
T1,D001,M001,C000A,03.2.03,-31.4,28.6,-60,-2.8,
T1,D001,M001,C000A,03.2.04,58.9,86.9,-28,145.8,
T1,D001,M001,C000A,03.2.05,-35.3,45,-80.3,9.8,
T1,D001,M001,C000A,03,-0.2,14.1,-14.3,13.9,
T1,D001,M001,C000A,04.1,21.7,10.8,10.9,32.5,
T1,D001,M001,C000A,04.1.01,21.7,10.8,10.9,32.6,
T1,D001,M001,C000A,04.1.02,20.8,41.1,-20.3,62,
T1,D001,M001,C000A,04.2,-4.8,23.9,-28.7,19.1,
T1,D001,M001,C000A,04.2.01,14.9,16,-1.1,30.9,
T1,D001,M001,C000A,04.2.02,-2.8,34.6,-37.4,31.7,
T1,D001,M001,C000A,04.2.03,-31.3,42.6,-73.9,11.3,
T1,D001,M001,C000A,04.3,11.7,30.4,-18.7,42,
T1,D001,M001,C000A,04.3.01,18.5,66.7,-48.2,85.2,
T1,D001,M001,C000A,04.3.02,8.3,29.6,-21.3,37.9,
T1,D001,M001,C000A,04.4,2.9,5.5,-2.6,8.4,
T1,D001,M001,C000A,04.4.01,9.6,13.5,-3.9,23.1,
T1,D001,M001,C000A,04.4.02,-16.4,22.4,-38.7,6,
T1,D001,M001,C000A,04.4.03,3.1,5.8,-2.7,8.9,
T1,D001,M001,C000A,04.4.04,-17.1,57.4,-74.5,40.2,
T1,D001,M001,C000A,04.5,-3.7,4.2,-7.9,0.4,
T1,D001,M001,C000A,04.5.01,-2.1,5.2,-7.3,3.1,
T1,D001,M001,C000A,04.5.02,8.7,18.8,-10.1,27.6,
T1,D001,M001,C000A,04.5.03,-3,19.4,-22.4,16.5,
T1,D001,M001,C000A,04.5.04,-32.9,68.6,-101.5,35.8,
T1,D001,M001,C000A,04.5.05,-24.9,16,-40.8,-8.9,
T1,D001,M001,C000A,04.6,113.3,112.3,1,225.7,
T1,D001,M001,C000A,04.6.00,113.3,112.3,1,225.7,
T1,D001,M001,C000A,04,6.5,9.7,-3.2,16.2,
T1,D001,M001,C000A,05.1,8.1,19,-10.9,27.1,
T1,D001,M001,C000A,05.1.01,3.2,19.8,-16.6,23.1,
T1,D001,M001,C000A,05.1.02,22.3,54.7,-32.4,77,
T1,D001,M001,C000A,05.1.03,102.5,407.9,-305.4,510.4,
T1,D001,M001,C000A,05.2,24.3,30.6,-6.3,54.9,
T1,D001,M001,C000A,05.2.00,24.3,30.6,-6.3,54.9,
T1,D001,M001,C000A,05.3,13.2,24.1,-10.9,37.3,
T1,D001,M001,C000A,05.3.01,14.2,27.8,-13.5,42,
T1,D001,M001,C000A,05.3.02,-1.9,50.6,-52.5,48.7,
T1,D001,M001,C000A,05.3.03,46.1,105,-58.9,151.1,
T1,D001,M001,C000A,05.4,-7.4,22.5,-29.9,15.2,
T1,D001,M001,C000A,05.4.00,-7.4,22.5,-29.9,15.2,
T1,D001,M001,C000A,05.5,-12.6,17.1,-29.6,4.5,
T1,D001,M001,C000A,05.5.01,7.6,30.8,-23.2,38.4,
T1,D001,M001,C000A,05.5.02,-22.7,21.3,-43.9,-1.4,
T1,D001,M001,C000A,05.6,18.1,19.7,-1.6,37.7,
T1,D001,M001,C000A,05.6.01,4,9.6,-5.6,13.7,
T1,D001,M001,C000A,05.6.02,42.7,54.6,-11.8,97.3,
T1,D001,M001,C000A,05,8.4,10,-1.6,18.4,
T1,D001,M001,C000A,06.1,2.7,24.1,-21.5,26.8,
T1,D001,M001,C000A,06.1.01,2.8,16.4,-13.5,19.2,
T1,D001,M001,C000A,06.1.02,120,158.2,-38.3,278.2,
T1,D001,M001,C000A,06.1.03,-9.7,58.8,-68.5,49.1,
T1,D001,M001,C000A,06.2,13.8,26.7,-13,40.5,
T1,D001,M001,C000A,06.2.01,-0.6,31.5,-32.1,30.9,
T1,D001,M001,C000A,06.2.02,45.3,43.7,1.6,88.9,
T1,D001,M001,C000A,06.2.03,-50.4,41.6,-92,-8.8,
T1,D001,M001,C000A,06.3,94.2,358.5,-264.3,452.7,
T1,D001,M001,C000A,06.3.00,94.2,358.5,-264.3,452.7,
T1,D001,M001,C000A,06,10.9,20.4,-9.5,31.3,
T1,D001,M001,C000A,07.1,7.6,18.8,-11.2,26.4,
T1,D001,M001,C000A,07.1.01,18.1,38.7,-20.6,56.8,
T1,D001,M001,C000A,07.1.02,1.9,18.2,-16.4,20.1,
T1,D001,M001,C000A,07.1.03,-22.3,60.4,-82.7,38,
T1,D001,M001,C000A,07.1.04,37.6,77.2,-39.6,114.8,
T1,D001,M001,C000A,07.2,10,6.5,3.5,16.5,
T1,D001,M001,C000A,07.2.01,32.3,24.4,7.9,56.7,
T1,D001,M001,C000A,07.2.02,14.4,8.1,6.3,22.5,
T1,D001,M001,C000A,07.2.03,40,36.3,3.8,76.3,
T1,D001,M001,C000A,07.2.04,-6.1,14.9,-21,8.8,
T1,D001,M001,C000A,07.2.05,-18,7.7,-25.7,-10.3,
T1,D001,M001,C000A,07.3,27.7,21.2,6.5,48.9,
T1,D001,M001,C000A,07.3.01,58.7,100.9,-42.2,159.6,
T1,D001,M001,C000A,07.3.02,23.5,23.5,0,47,
T1,D001,M001,C000A,07.3.03,18.6,26.2,-7.7,44.8,
T1,D001,M001,C000A,07.3.04,24.3,24.5,-0.3,48.8,
T1,D001,M001,C000A,07.3.05,-58.1,48.5,-106.5,-9.6,
T1,D001,M001,C000A,07.3.06,,,,,S
T1,D001,M001,C000A,07.3.07,1173.3,1330.8,-157.5,2504.1,
T1,D001,M001,C000A,07,13.8,10.3,3.4,24.1,
T1,D001,M001,C000A,08.1,1.6,47.3,-45.7,48.9,
T1,D001,M001,C000A,08.1.00,1.6,47.3,-45.7,48.9,
T1,D001,M001,C000A,08.2,68.4,131.4,-62.9,199.8,
T1,D001,M001,C000A,08.2.00,68.4,131.4,-62.9,199.8,
T1,D001,M001,C000A,08.3,5.6,4,1.6,9.7,
T1,D001,M001,C000A,08.3.00,5.6,4,1.6,9.7,
T1,D001,M001,C000A,08,10.8,10.9,-0.1,21.7,
T1,D001,M001,C000A,09.1,11.2,18.7,-7.4,29.9,
T1,D001,M001,C000A,09.1.01,3.9,25.6,-21.7,29.5,
T1,D001,M001,C000A,09.1.02,18,28.3,-10.3,46.3,
T1,D001,M001,C000A,09.1.03,-20.8,25.8,-46.5,5,
T1,D001,M001,C000A,09.1.04,223.5,250.4,-26.9,474,
T1,D001,M001,C000A,09.2,1.4,73.7,-72.4,75.1,
T1,D001,M001,C000A,09.2.00,1.4,73.7,-72.4,75.1,
T1,D001,M001,C000A,09.3,14,22.6,-8.5,36.6,
T1,D001,M001,C000A,09.3.01,-11.9,21.5,-33.4,9.6,
T1,D001,M001,C000A,09.3.02,35.6,83.4,-47.8,119,
T1,D001,M001,C000A,09.3.03,33.5,26.3,7.2,59.7,
T1,D001,M001,C000A,09.3.04,5.2,21.1,-15.9,26.3,
T1,D001,M001,C000A,09.4,-5.6,10.8,-16.4,5.2,
T1,D001,M001,C000A,09.4.01,10.6,18.3,-7.7,28.9,
T1,D001,M001,C000A,09.4.02,-17,11.2,-28.2,-5.8,
T1,D001,M001,C000A,09.4.03,12.9,46.9,-34,59.8,
T1,D001,M001,C000A,09.4.04,-12.8,35.1,-48,22.3,
T1,D001,M001,C000A,09.5,-12.5,13.7,-26.2,1.2,
T1,D001,M001,C000A,09.5.01,-0.2,33.5,-33.8,33.3,
T1,D001,M001,C000A,09.5.02,-13.6,25.7,-39.3,12.1,
T1,D001,M001,C000A,09.5.03,-9.3,22.4,-31.7,13.2,
T1,D001,M001,C000A,09.5.04,-23.2,18.1,-41.2,-5.1,
T1,D001,M001,C000A,09.6,40.1,36.2,3.9,76.3,
T1,D001,M001,C000A,09.6.00,40.1,36.2,3.9,76.3,
T1,D001,M001,C000A,09.9,230.1,333.1,-103,563.3,
T1,D001,M001,C000A,09.9.00,230.1,333.1,-103,563.3,
T1,D001,M001,C000A,09,12.9,12.3,0.6,25.2,
T1,D001,M001,C000A,10.1,23.4,38.9,-15.5,62.3,
T1,D001,M001,C000A,10.1.00,23.4,38.9,-15.5,62.3,
T1,D001,M001,C000A,10.2,-31.7,27.7,-59.5,-4,
T1,D001,M001,C000A,10.2.00,-31.7,27.7,-59.5,-4,
T1,D001,M001,C000A,10.3,-24.8,43.3,-68.1,18.5,
T1,D001,M001,C000A,10.3.00,-24.8,43.3,-68.1,18.5,
T1,D001,M001,C000A,10.4,54.3,130.4,-76.1,184.6,
T1,D001,M001,C000A,10.4.00,54.3,130.4,-76.1,184.6,
T1,D001,M001,C000A,10,-9.3,24,-33.3,14.6,
T1,D001,M001,C000A,11.1,-0.9,13.5,-14.5,12.6,
T1,D001,M001,C000A,11.1.01,12.3,30.2,-17.9,42.5,
T1,D001,M001,C000A,11.1.02,38.9,107.5,-68.6,146.4,
T1,D001,M001,C000A,11.1.03,-10.9,8.9,-19.8,-2,
T1,D001,M001,C000A,11.3,5.9,19.8,-13.9,25.7,
T1,D001,M001,C000A,11.3.01,-2.3,45.4,-47.7,43.1,
T1,D001,M001,C000A,11.3.02,7.7,22.4,-14.7,30.1,
T1,D001,M001,C000A,11.4,9.1,7.2,1.9,16.3,
T1,D001,M001,C000A,11.4.01,5.1,14.7,-9.6,19.8,
T1,D001,M001,C000A,11.4.02,16.7,14.7,2,31.3,
T1,D001,M001,C000A,11.4.03,-50.2,7.1,-57.3,-43.1,
T1,D001,M001,C000A,11.4.04,2.5,18.9,-16.4,21.4,
T1,D001,M001,C000A,11.4.05,15.3,8.7,6.6,24.1,
T1,D001,M001,C000A,11.4.06,24.8,12.3,12.5,37.2,
T1,D001,M001,C000A,11.4.07,8.6,28.1,-19.4,36.7,
T1,D001,M001,C000A,11.5,-18.1,13.2,-31.3,-4.9,
T1,D001,M001,C000A,11.5.01,-18.4,13.2,-31.6,-5.3,
T1,D001,M001,C000A,11.5.02,,,,,S
T1,D001,M001,C000A,11.6,-30.3,30.7,-61,0.4,
T1,D001,M001,C000A,11.6.01,3.5,38.2,-34.7,41.7,
T1,D001,M001,C000A,11.6.02,-46.5,46,-92.5,-0.5,
T1,D001,M001,C000A,11.6.03,,,,,S
T1,D001,M001,C000A,11.6.04,-16.9,36.2,-53.1,19.3,
T1,D001,M001,C000A,11,2.3,6.6,-4.3,9,
T1,D001,M001,C000A,13.1,-10.5,12.3,-22.7,1.8,
T1,D001,M001,C000A,13.1.01,-9.4,11.5,-20.9,2.1,
T1,D001,M001,C000A,13.1.02,-23.6,62.9,-86.5,39.2,
T1,D001,M001,C000A,13.1.03,45.2,74.1,-29,119.3,
T1,D001,M001,C000A,13.1.04,-20.1,27.5,-47.6,7.3,
T1,D001,M001,C000A,13.2,14.2,18.9,-4.7,33.1,
T1,D001,M001,C000A,13.2.00,14.2,18.9,-4.7,33.1,
T1,D001,M001,C000A,13.3,-30.7,41.5,-72.2,10.8,
T1,D001,M001,C000A,13.3.00,-30.7,41.5,-72.2,10.8,
T1,D001,M001,C000A,13.4,-71.1,31.7,-102.8,-39.4,
T1,D001,M001,C000A,13.4.00,-71.1,31.7,-102.8,-39.4,
T1,D001,M001,C000A,13,-6,11.2,-17.2,5.2,
T1,D001,M001,C000A,14,-7.7,46,-53.7,38.3,
T1,D001,M001,C000A,Net,7,5.8,1.2,12.7,
T2,2019,M001,C001A,01,262.9,8,241.8,284.1,
T2,2019,M001,C001A,02,24.7,14.4,21.2,28.3,
T2,2019,M001,C001A,03,39,16.5,32.5,45.4,
T2,2019,M001,C001A,04,440.6,10.3,395.4,485.8,
T2,2019,M001,C001A,05,54.9,17.8,45.1,64.6,
T2,2019,M001,C001A,06,42.5,20.3,33.9,51.1,
T2,2019,M001,C001A,07,233.5,10.1,209.9,257.1,
T2,2019,M001,C001A,08,45.9,22.7,35.5,56.3,
T2,2019,M001,C001A,09,131,17.1,108.6,153.4,
T2,2019,M001,C001A,10,29.6,31.7,20.2,39,
T2,2019,M001,C001A,11,125.3,10.6,112,138.6,
T2,2019,M001,C001A,13,165.6,10.5,148.2,183,
T2,2019,M001,C001A,14,-46.7,69.6,-79.1,-14.2,
T2,2019,M001,C001A,Gross,1595.6,6.4,1493.6,1697.6,
T2,2019,M001,C001A,Net,1548.9,6.9,1442.1,1655.8,
T2,2019,M001,C001B,01,260.2,6.4,243.4,276.9,
T2,2019,M001,C001B,02,34.3,17.2,28.4,40.2,
T2,2019,M001,C001B,03,49.6,21.4,39,60.2,
T2,2019,M001,C001B,04,372.8,10,335.5,410.1,
T2,2019,M001,C001B,05,55.3,20.5,43.9,66.6,
T2,2019,M001,C001B,06,36.5,21.9,28.5,44.5,
T2,2019,M001,C001B,07,240.3,15.4,203.3,277.3,
T2,2019,M001,C001B,08,42,13.1,36.5,47.4,
T2,2019,M001,C001B,09,148.9,20.1,119,178.9,
T2,2019,M001,C001B,10,12.9,27.6,9.3,16.4,
T2,2019,M001,C001B,11,114.1,12.8,99.5,128.7,
T2,2019,M001,C001B,13,145,15.7,122.2,167.7,
T2,2019,M001,C001B,14,-37.1,41.5,-52.5,-21.7,
T2,2019,M001,C001B,Gross,1511.8,7.4,1399.9,1623.6,
T2,2019,M001,C001B,Net,1474.7,7,1371.6,1577.7,
T2,2019,M001,C001C,01,205.7,4.4,196.6,214.8,
T2,2019,M001,C001C,02,29.3,13.4,25.3,33.2,
T2,2019,M001,C001C,03,29.2,18,23.9,34.4,
T2,2019,M001,C001C,04,286.3,5.2,271.3,301.3,
T2,2019,M001,C001C,05,51.8,13.1,45.1,58.6,
T2,2019,M001,C001C,06,39.9,15.4,33.7,46,
T2,2019,M001,C001C,07,200.5,10,180.4,220.6,
T2,2019,M001,C001C,08,33.8,5.4,32,35.7,
T2,2019,M001,C001C,09,129.1,17.1,107,151.2,
T2,2019,M001,C001C,10,14.9,23.6,11.4,18.5,
T2,2019,M001,C001C,11,103.1,7.3,95.6,110.6,
T2,2019,M001,C001C,13,106.2,10.1,95.5,116.9,
T2,2019,M001,C001C,14,-39.7,35.5,-53.8,-25.6,
T2,2019,M001,C001C,Gross,1229.8,4.9,1170.2,1289.5,
T2,2019,M001,C001C,Net,1190.1,4.9,1131.3,1249,
T2,2019,M001,C001D,01,236,8,217.1,255,
T2,2019,M001,C001D,02,31.8,16.8,26.5,37.2,
T2,2019,M001,C001D,03,46.1,17.6,38,54.3,
T2,2019,M001,C001D,04,298.2,9.4,270.3,326.1,
T2,2019,M001,C001D,05,45.4,14.4,38.8,51.9,
T2,2019,M001,C001D,06,39.4,21,31.1,47.7,
T2,2019,M001,C001D,07,205.3,16.3,171.8,238.8,
T2,2019,M001,C001D,08,35.6,8.2,32.6,38.5,
T2,2019,M001,C001D,09,126.4,21.1,99.7,153,
T2,2019,M001,C001D,10,20.4,43.2,11.6,29.3,
T2,2019,M001,C001D,11,122,11.8,107.6,136.4,
T2,2019,M001,C001D,13,150.4,16.9,125,175.8,
T2,2019,M001,C001D,14,-33.3,42.9,-47.6,-19,
T2,2019,M001,C001D,Gross,1357,8.1,1247.2,1466.9,
T2,2019,M001,C001D,Net,1323.7,8.1,1216.7,1430.7,
T2,2019,M001,C001E,01,202.4,7.2,187.9,217,
T2,2019,M001,C001E,02,35.1,21.4,27.5,42.6,
T2,2019,M001,C001E,03,28.2,21.6,22.1,34.3,
T2,2019,M001,C001E,04,265.6,9.8,239.5,291.7,
T2,2019,M001,C001E,05,42.8,18.2,35,50.5,
T2,2019,M001,C001E,06,53.8,44.8,29.7,77.9,
T2,2019,M001,C001E,07,198.7,17.6,163.8,233.6,
T2,2019,M001,C001E,08,35.4,10.9,31.6,39.3,
T2,2019,M001,C001E,09,115.6,21.2,91,140.1,
T2,2019,M001,C001E,10,9.3,52.5,4.4,14.2,
T2,2019,M001,C001E,11,105.8,16.6,88.2,123.3,
T2,2019,M001,C001E,13,91.6,13.2,79.5,103.7,
T2,2019,M001,C001E,14,-35.9,49.9,-53.8,-18,
T2,2019,M001,C001E,Gross,1184.2,6.8,1103.2,1265.2,
T2,2019,M001,C001E,Net,1148.3,6.7,1071.5,1225.2,
T2,2019,M001,C001F,01,233.6,2.9,226.8,240.3,
T2,2019,M001,C001F,02,29.4,6.9,27.3,31.4,
T2,2019,M001,C001F,03,36.7,9.4,33.2,40.1,
T2,2019,M001,C001F,04,344.2,4.9,327.5,360.9,
T2,2019,M001,C001F,05,51.3,7.7,47.4,55.2,
T2,2019,M001,C001F,06,41.9,10.3,37.6,46.2,
T2,2019,M001,C001F,07,215.8,5.4,204.3,227.4,
T2,2019,M001,C001F,08,39,9,35.5,42.5,
T2,2019,M001,C001F,09,130,8.2,119.4,140.6,
T2,2019,M001,C001F,10,19.5,17.2,16.1,22.8,
T2,2019,M001,C001F,11,114.2,4.3,109.2,119.2,
T2,2019,M001,C001F,13,133.6,6.2,125.4,141.9,
T2,2019,M001,C001F,14,-40.4,27.9,-51.6,-29.1,
T2,2019,M001,C001F,Gross,1389.1,2.7,1352.1,1426.1,
T2,2019,M001,C001F,Net,1348.7,2.7,1311.7,1385.7,
T3,2019,M002,C002A,01,14470.946,2.9,14057.249,14884.642,
T3,2019,M002,C002B,01,,,,,S
T3,2019,M002,C002C,01,,,,,S
T3,2019,M002,C002D,01,,,,,S
T3,2019,M002,C002E,01,6.453,42.1,3.736,9.17,
T3,2019,M002,C002F,01,2.761,85.7,0.394,5.127,
T3,2019,M002,C002G,01,96.286,17.5,79.442,113.13,
T3,2019,M002,C002H,01,2.224,67.2,0.729,3.718,
T3,2019,M002,C002I,01,,,,,S
T3,2019,M002,C002J,01,167.941,13.4,145.367,190.516,
T3,2019,M002,C002K,01,16.831,62.9,6.247,27.415,
T3,2019,M002,C002L,01,5437.698,5.2,5153.89,5721.506,
T3,2019,M002,C002M,01,126.424,45.5,68.887,183.96,
T3,2019,M002,C002N,01,514.254,16.1,431.273,597.234,
T3,2019,M002,C002O,01,560.673,65.4,194.085,927.261,
T3,2019,M002,C002P,01,21406.038,2.9,20785.486,22026.589,
T3,2019,M002,C002A,02,1857.069,8,1707.947,2006.191,
T3,2019,M002,C002B,02,,,,,S
T3,2019,M002,C002C,02,,,,,S
T3,2019,M002,C002D,02,,,,,S
T3,2019,M002,C002E,02,,,,,S
T3,2019,M002,C002F,02,,,,,S
T3,2019,M002,C002G,02,,,,,S
T3,2019,M002,C002H,02,,,,,S
T3,2019,M002,C002I,02,,,,,S
T3,2019,M002,C002J,02,175.851,24.3,133.047,218.654,
T3,2019,M002,C002K,02,58.217,50.6,28.769,87.666,
T3,2019,M002,C002L,02,448.152,14.4,383.666,512.638,
T3,2019,M002,C002M,02,5.364,72,1.504,9.224,
T3,2019,M002,C002N,02,49.219,47.8,25.715,72.724,
T3,2019,M002,C002O,02,93.857,33.1,62.794,124.919,
T3,2019,M002,C002P,02,2691.01,6.9,2506.181,2875.839,
T3,2019,M002,C002A,03,15.232,32.9,10.224,20.24,
T3,2019,M002,C002B,03,1659.529,13.4,1437.882,1881.175,
T3,2019,M002,C002C,03,69.179,50.6,34.152,104.207,
T3,2019,M002,C002D,03,,,,,S
T3,2019,M002,C002E,03,12.269,44.5,6.804,17.733,
T3,2019,M002,C002F,03,,,,,S
T3,2019,M002,C002G,03,634.691,13.2,551.053,718.329,
T3,2019,M002,C002H,03,311.272,25.3,232.392,390.152,
T3,2019,M002,C002I,03,,,,,S
T3,2019,M002,C002J,03,,,,,S
T3,2019,M002,C002K,03,84.813,44.1,47.385,122.241,
T3,2019,M002,C002L,03,,,,,S
T3,2019,M002,C002M,03,36.59,105.7,-2.072,75.253,
T3,2019,M002,C002N,03,182.754,30.8,126.467,239.04,
T3,2019,M002,C002O,03,338.965,28.8,241.406,436.525,
T3,2019,M002,C002P,03,3361.929,9.4,3046.056,3677.803,
T3,2019,M002,C002A,04,3.174,42.4,1.827,4.521,
T3,2019,M002,C002B,04,,,,,S
T3,2019,M002,C002C,04,53.403,129.4,-15.674,122.481,
T3,2019,M002,C002D,04,22.12,66.3,7.446,36.793,
T3,2019,M002,C002E,04,720.182,21.2,567.461,872.903,
T3,2019,M002,C002F,04,,,,,S
T3,2019,M002,C002G,04,15.805,49.3,8.019,23.59,
T3,2019,M002,C002H,04,4.883,93.5,0.319,9.446,
T3,2019,M002,C002I,04,4.126,87,0.535,7.717,
T3,2019,M002,C002J,04,,,,,S
T3,2019,M002,C002K,04,3.135,100.6,-0.019,6.289,
T3,2019,M002,C002L,04,,,,,S
T3,2019,M002,C002M,04,264.548,62.1,100.373,428.722,
T3,2019,M002,C002N,04,75.413,110.3,-7.769,158.594,
T3,2019,M002,C002O,04,30379.079,4.7,28937.423,31820.735,
T3,2019,M002,C002P,04,31546.569,4.9,30014.781,33078.357,
T3,2019,M002,C002A,05,490.604,8,451.226,529.983,
T3,2019,M002,C002B,05,14.877,89.7,1.537,28.217,
T3,2019,M002,C002C,05,872.236,17.2,722.455,1022.017,
T3,2019,M002,C002D,05,459.659,33.8,304.353,614.966,
T3,2019,M002,C002E,05,440.894,14.4,377.565,504.224,
T3,2019,M002,C002F,05,3.954,73.4,1.05,6.857,
T3,2019,M002,C002G,05,1003.115,12.2,880.292,1125.937,
T3,2019,M002,C002H,05,24.012,64.9,8.431,39.594,
T3,2019,M002,C002I,05,22.826,64.6,8.079,37.572,
T3,2019,M002,C002J,05,1.318,82.2,0.235,2.401,
T3,2019,M002,C002K,05,117.976,41.3,69.265,166.686,
T3,2019,M002,C002L,05,5.026,84.5,0.781,9.271,
T3,2019,M002,C002M,05,136.496,47.7,71.418,201.575,
T3,2019,M002,C002N,05,237.825,17.8,195.397,280.253,
T3,2019,M002,C002O,05,870.335,21.6,682.642,1058.027,
T3,2019,M002,C002P,05,4701.153,7.7,4340.231,5062.075,
T3,2019,M002,C002A,06,234.271,14.4,200.603,267.938,
T3,2019,M002,C002B,06,,,,,S
T3,2019,M002,C002C,06,,,,,S
T3,2019,M002,C002D,06,,,,,S
T3,2019,M002,C002E,06,2.04,73.9,0.532,3.548,
T3,2019,M002,C002F,06,447.487,11.7,395.023,499.95,
T3,2019,M002,C002G,06,8.713,48.8,4.457,12.969,
T3,2019,M002,C002H,06,3.467,101.4,-0.048,6.981,
T3,2019,M002,C002I,06,,,,,S
T3,2019,M002,C002J,06,,,,,S
T3,2019,M002,C002K,06,9.065,185.7,-7.773,25.903,
T3,2019,M002,C002L,06,,,,,S
T3,2019,M002,C002M,06,21.066,105.2,-1.105,43.237,
T3,2019,M002,C002N,06,318.014,49.7,160.046,475.983,
T3,2019,M002,C002O,06,2791.407,12.4,2446.191,3136.623,
T3,2019,M002,C002P,06,3836.004,10.3,3442.131,4229.877,
T3,2019,M002,C002A,07,29.216,45.2,16.02,42.412,
T3,2019,M002,C002B,07,,,,,S
T3,2019,M002,C002C,07,,,,,S
T3,2019,M002,C002D,07,,,,,S
T3,2019,M002,C002E,07,17.232,71.8,4.853,29.61,
T3,2019,M002,C002F,07,,,,,S
T3,2019,M002,C002G,07,23.129,44.3,12.872,33.386,
T3,2019,M002,C002H,07,155.171,38,96.221,214.121,
T3,2019,M002,C002I,07,5387.399,13.7,4650.567,6124.231,
T3,2019,M002,C002J,07,4714.606,4.7,4491.579,4937.634,
T3,2019,M002,C002K,07,60.316,82,10.863,109.77,
T3,2019,M002,C002L,07,,,,,S
T3,2019,M002,C002M,07,456.738,46.2,245.7,667.776,
T3,2019,M002,C002N,07,1395.476,18.4,1139.267,1651.685,
T3,2019,M002,C002O,07,7516.219,7.9,6920.102,8112.336,
T3,2019,M002,C002P,07,19777.68,5.4,18718.845,20836.514,
T3,2019,M002,C002A,08,52.275,25.7,38.824,65.726,
T3,2019,M002,C002B,08,,,,,S
T3,2019,M002,C002C,08,,,,,S
T3,2019,M002,C002D,08,234.302,66.2,79.16,389.444,
T3,2019,M002,C002E,08,,,,,S
T3,2019,M002,C002F,08,,,,,S
T3,2019,M002,C002G,08,38.664,72.1,10.791,66.537,
T3,2019,M002,C002H,08,8.14,89.9,0.824,15.455,
T3,2019,M002,C002I,08,,,,,S
T3,2019,M002,C002J,08,9.722,51.5,4.711,14.734,
T3,2019,M002,C002K,08,81.209,130.6,-24.887,187.305,
T3,2019,M002,C002L,08,,,,,S
T3,2019,M002,C002M,08,5.195,121.2,-1.099,11.49,
T3,2019,M002,C002N,08,170.408,16.8,141.801,199.016,
T3,2019,M002,C002O,08,2971.499,8.8,2709.591,3233.408,
T3,2019,M002,C002P,08,3573.102,9,3253.126,3893.078,
T3,2019,M002,C002A,09,501.359,7,466.029,536.689,
T3,2019,M002,C002B,09,8.078,119,-1.535,17.691,
T3,2019,M002,C002C,09,14.756,47.5,7.751,21.76,
T3,2019,M002,C002D,09,434.568,21.1,342.686,526.449,
T3,2019,M002,C002E,09,400.982,17.7,330.101,471.862,
T3,2019,M002,C002F,09,0.926,93.4,0.061,1.791,
T3,2019,M002,C002G,09,585.087,12.4,512.742,657.432,
T3,2019,M002,C002H,09,619.393,17.2,512.656,726.129,
T3,2019,M002,C002I,09,59.224,93.2,4.054,114.395,
T3,2019,M002,C002J,09,6.43,50.1,3.21,9.651,
T3,2019,M002,C002K,09,827.208,47.3,435.67,1218.746,
T3,2019,M002,C002L,09,,,,,S
T3,2019,M002,C002M,09,154.972,48.8,79.284,230.661,
T3,2019,M002,C002N,09,502.335,22.1,391.242,613.427,
T3,2019,M002,C002O,09,7796.55,11,6936.163,8656.937,
T3,2019,M002,C002P,09,11912.647,8.2,10940.402,12884.892,
T3,2019,M002,C002A,10,,,,,S
T3,2019,M002,C002B,10,,,,,S
T3,2019,M002,C002C,10,,,,,S
T3,2019,M002,C002D,10,,,,,S
T3,2019,M002,C002E,10,,,,,S
T3,2019,M002,C002F,10,,,,,S
T3,2019,M002,C002G,10,,,,,S
T3,2019,M002,C002H,10,,,,,S
T3,2019,M002,C002I,10,,,,,S
T3,2019,M002,C002J,10,,,,,S
T3,2019,M002,C002K,10,,,,,S
T3,2019,M002,C002L,10,,,,,S
T3,2019,M002,C002M,10,,,,,S
T3,2019,M002,C002N,10,,,,,S
T3,2019,M002,C002O,10,1785.032,17.2,1477.482,2092.582,
T3,2019,M002,C002P,10,1785.032,17.2,1477.482,2092.582,
T3,2019,M002,C002A,11,829.201,6,779.174,879.228,
T3,2019,M002,C002B,11,222.382,38.9,135.862,308.901,
T3,2019,M002,C002C,11,38.074,45.7,20.689,55.459,
T3,2019,M002,C002D,11,7.322,84.7,1.123,13.522,
T3,2019,M002,C002E,11,33.441,48.7,17.165,49.718,
T3,2019,M002,C002F,11,232.623,27.3,169.076,296.169,
T3,2019,M002,C002G,11,433.145,20.4,344.837,521.454,
T3,2019,M002,C002H,11,74.841,43.8,42.065,107.618,
T3,2019,M002,C002I,11,7.083,85.4,1.032,13.134,
T3,2019,M002,C002J,11,15.89,71.6,4.505,27.275,
T3,2019,M002,C002K,11,109.103,28.8,77.708,140.499,
T3,2019,M002,C002L,11,23.73,117.6,-4.183,51.643,
T3,2019,M002,C002M,11,13.908,128.5,-3.96,31.776,
T3,2019,M002,C002N,11,244.589,30.7,169.419,319.758,
T3,2019,M002,C002O,11,8180.575,4.6,7801.541,8559.609,
T3,2019,M002,C002P,11,10465.907,4.3,10011.068,10920.745,
T3,2019,M002,C002A,13,,,,,S
T3,2019,M002,C002B,13,,,,,S
T3,2019,M002,C002C,13,,,,,S
T3,2019,M002,C002D,13,,,,,S
T3,2019,M002,C002E,13,,,,,S
T3,2019,M002,C002F,13,,,,,S
T3,2019,M002,C002G,13,,,,,S
T3,2019,M002,C002H,13,,,,,S
T3,2019,M002,C002I,13,,,,,S
T3,2019,M002,C002J,13,,,,,S
T3,2019,M002,C002K,13,,,,,S
T3,2019,M002,C002L,13,,,,,S
T3,2019,M002,C002M,13,,,,,S
T3,2019,M002,C002N,13,,,,,S
T3,2019,M002,C002O,13,12245.476,6.2,11490.873,13000.079,
T3,2019,M002,C002P,13,12245.476,6.2,11490.873,13000.079,
T3,2019,M002,C002A,14,,,,,S
T3,2019,M002,C002B,14,,,,,S
T3,2019,M002,C002C,14,,,,,S
T3,2019,M002,C002D,14,,,,,S
T3,2019,M002,C002E,14,-0.815,144,-1.989,0.358,
T3,2019,M002,C002F,14,,,,,S
T3,2019,M002,C002G,14,,,,,S
T3,2019,M002,C002H,14,-0.631,100.9,-1.267,0.006,
T3,2019,M002,C002I,14,-785.133,31.8,-1034.522,-535.744,
T3,2019,M002,C002J,14,,,,,S
T3,2019,M002,C002K,14,-16.075,105.7,-33.067,0.917,
T3,2019,M002,C002L,14,,,,,S
T3,2019,M002,C002M,14,-58.446,76.8,-103.327,-13.564,
T3,2019,M002,C002N,14,-40.845,68.7,-68.915,-12.776,
T3,2019,M002,C002O,14,-2791.772,36.1,-3798.626,-1784.917,
T3,2019,M002,C002P,14,-3698.909,27.9,-4731.925,-2665.892,
T3,2019,M002,C002A,Net,18483.347,2.9,17951.182,19015.512,
T3,2019,M002,C002B,Net,1918.968,13,1668.622,2169.313,
T3,2019,M002,C002C,Net,1050.188,16.3,878.849,1221.527,
T3,2019,M002,C002D,Net,1161.258,19.4,935.639,1386.876,
T3,2019,M002,C002E,Net,1632.678,11.6,1443.727,1821.63,
T3,2019,M002,C002F,Net,696.951,12.7,608.438,785.465,
T3,2019,M002,C002G,Net,2839.663,7.3,2633.205,3046.121,
T3,2019,M002,C002H,Net,1203.076,13,1047.096,1359.055,
T3,2019,M002,C002I,Net,4702.532,13.2,4081.485,5323.58,
T3,2019,M002,C002J,Net,5091.881,4.6,4859.912,5323.849,
T3,2019,M002,C002K,Net,1351.798,30.5,940.157,1763.439,
T3,2019,M002,C002L,Net,5921.107,5.2,5613.481,6228.733,
T3,2019,M002,C002M,Net,1162.855,26.8,851.027,1474.684,
T3,2019,M002,C002N,Net,3649.441,9.3,3309.94,3988.943,
T3,2019,M002,C002O,Net,72737.894,3.6,70130.914,75344.875,
T3,2019,M002,C002P,Net,123603.637,2.7,120212.019,126995.255,
T4,2019,M001,C003A,01,94.7,6.4,88.6,100.8,
T4,2019,M001,C003B,01,205.6,4.1,197.1,214,
T4,2019,M001,C003C,01,288.1,10.7,257.1,319,
T4,2019,M001,C003D,01,315.7,5.9,297.2,334.3,
T4,2019,M001,C003E,01,341,7.8,314.4,367.5,
T4,2019,M001,C003F,01,233.6,2.9,226.8,240.3,
T4,2019,M001,C003A,02,17.3,16.6,14.4,20.1,
T4,2019,M001,C003B,02,30.1,11.5,26.6,33.5,
T4,2019,M001,C003C,02,30.6,14.5,26.2,35,
T4,2019,M001,C003D,02,39.1,17.8,32.2,46.1,
T4,2019,M001,C003E,02,31.2,19.9,25,37.4,
T4,2019,M001,C003F,02,29.4,6.9,27.3,31.4,
T4,2019,M001,C003A,03,12.4,33.4,8.2,16.5,
T4,2019,M001,C003B,03,34.3,16,28.8,39.8,
T4,2019,M001,C003C,03,42.9,21.5,33.6,52.1,
T4,2019,M001,C003D,03,53.7,16.9,44.6,62.7,
T4,2019,M001,C003E,03,49.6,20.5,39.4,59.8,
T4,2019,M001,C003F,03,36.7,9.4,33.2,40.1,
T4,2019,M001,C003A,04,212.3,8.7,193.8,230.8,
T4,2019,M001,C003B,04,313,5.8,294.9,331.2,
T4,2019,M001,C003C,04,379,6.8,353.4,404.7,
T4,2019,M001,C003D,04,402,7.3,372.5,431.5,
T4,2019,M001,C003E,04,514.6,19.2,416,613.2,
T4,2019,M001,C003F,04,344.2,4.9,327.5,360.9,
T4,2019,M001,C003A,05,28.1,23.2,21.6,34.7,
T4,2019,M001,C003B,05,54.2,11,48.3,60.2,
T4,2019,M001,C003C,05,59.5,16.2,49.9,69.2,
T4,2019,M001,C003D,05,64.2,20.2,51.2,77.2,
T4,2019,M001,C003E,05,49.8,17.7,41,58.6,
T4,2019,M001,C003F,05,51.3,7.7,47.4,55.2,
T4,2019,M001,C003A,06,24.1,40.7,14.3,33.9,
T4,2019,M001,C003B,06,44.8,13.6,38.7,50.9,
T4,2019,M001,C003C,06,41.8,17.1,34.6,48.9,
T4,2019,M001,C003D,06,52.4,26.6,38.5,66.4,
T4,2019,M001,C003E,06,47.4,37.8,29.5,65.3,
T4,2019,M001,C003F,06,41.9,10.3,37.6,46.2,
T4,2019,M001,C003A,07,93.8,21,74,113.5,
T4,2019,M001,C003B,07,213.6,8.5,195.5,231.7,
T4,2019,M001,C003C,07,235.9,11.5,208.7,263,
T4,2019,M001,C003D,07,287.4,11.7,253.8,321.1,
T4,2019,M001,C003E,07,288.6,14.8,246,331.3,
T4,2019,M001,C003F,07,215.8,5.4,204.3,227.4,
T4,2019,M001,C003A,08,22.8,7.3,21.1,24.4,
T4,2019,M001,C003B,08,36.4,13.6,31.5,41.3,
T4,2019,M001,C003C,08,42.4,10.3,38.1,46.8,
T4,2019,M001,C003D,08,50.4,30.9,34.8,66,
T4,2019,M001,C003E,08,51.3,20.3,40.9,61.7,
T4,2019,M001,C003F,08,39,9,35.5,42.5,
T4,2019,M001,C003A,09,63.4,25.5,47.2,79.6,
T4,2019,M001,C003B,09,146.3,15.6,123.5,169.2,
T4,2019,M001,C003C,09,140.7,16.1,118,163.4,
T4,2019,M001,C003D,09,156.5,15.1,132.9,180,
T4,2019,M001,C003E,09,138.2,16.8,114.9,161.4,
T4,2019,M001,C003F,09,130,8.2,119.4,140.6,
T4,2019,M001,C003A,10,0.9,64.2,0.3,1.5,
T4,2019,M001,C003B,10,7.3,61.2,2.8,11.8,
T4,2019,M001,C003C,10,26.5,29.1,18.8,34.3,
T4,2019,M001,C003D,10,48,32.8,32.3,63.7,
T4,2019,M001,C003E,10,32.7,29.5,23.1,42.4,
T4,2019,M001,C003F,10,19.5,17.2,16.1,22.8,
T4,2019,M001,C003A,11,55,10.2,49.4,60.5,
T4,2019,M001,C003B,11,117.7,6.3,110.2,125.1,
T4,2019,M001,C003C,11,130.1,11.7,114.8,145.3,
T4,2019,M001,C003D,11,146.8,10,132,161.5,
T4,2019,M001,C003E,11,130.4,16.7,108.7,152.2,
T4,2019,M001,C003F,11,114.2,4.3,109.2,119.2,
T4,2019,M001,C003A,13,49.7,22,38.7,60.6,
T4,2019,M001,C003B,13,95,8.7,86.7,103.3,
T4,2019,M001,C003C,13,180.4,13.2,156.5,204.3,
T4,2019,M001,C003D,13,203.1,11,180.8,225.5,
T4,2019,M001,C003E,13,211,16,177.3,244.8,
T4,2019,M001,C003F,13,133.6,6.2,125.4,141.9,
T4,2019,M001,C003A,14,-29.3,56.1,-45.8,-12.9,
T4,2019,M001,C003B,14,-48.9,61.1,-78.8,-19,
T4,2019,M001,C003C,14,-43.5,43.9,-62.6,-24.4,
T4,2019,M001,C003D,14,-38.5,50.8,-58.1,-18.9,
T4,2019,M001,C003E,14,-31.9,35.3,-43.2,-20.7,
T4,2019,M001,C003F,14,-40.4,27.9,-51.6,-29.1,
T4,2019,M001,C003A,Net,645,8.4,590.7,699.4,
T4,2019,M001,C003B,Net,1249.4,5.1,1186.1,1312.7,
T4,2019,M001,C003C,Net,1554.5,6.3,1456.1,1652.8,
T4,2019,M001,C003D,Net,1780.9,5,1691.4,1870.3,
T4,2019,M001,C003E,Net,1854,9.2,1683.7,2024.3,
T4,2019,M001,C003F,Net,1348.7,2.7,1311.7,1385.7,
T4,2019,M001,C004A,01,219.1,4.2,209.8,228.3,
T4,2019,M001,C004B,01,259.3,8.7,236.7,282,
T4,2019,M001,C004C,01,310.9,7.2,288.5,333.3,
T4,2019,M001,C004D,01,330.4,9.2,300,360.8,
T4,2019,M001,C004E,01,374.8,14.2,321.6,428,
T4,2019,M001,C004F,01,148.9,11.2,132.2,165.5,
T4,2019,M001,C004G,01,207.8,13.5,179.8,235.8,
T4,2019,M001,C004H,01,309.7,9.8,279.3,340.1,
T4,2019,M001,C004I,01,94.7,6.4,88.6,100.8,
T4,2019,M001,C004J,01,283.5,10.8,252.9,314,
T4,2019,M001,C004K,01,233.6,2.9,226.8,240.3,
T4,2019,M001,C004A,02,30.8,12.5,26.9,34.6,
T4,2019,M001,C004B,02,25.8,23.3,19.8,31.8,
T4,2019,M001,C004C,02,32.6,21.6,25.6,39.6,
T4,2019,M001,C004D,02,25,35.3,16.2,33.9,
T4,2019,M001,C004E,02,40.9,23.4,31.3,50.5,
T4,2019,M001,C004F,02,13.4,31.7,9.2,17.7,
T4,2019,M001,C004G,02,26.7,35.4,17.2,36.2,
T4,2019,M001,C004H,02,35.1,24.8,26.4,43.9,
T4,2019,M001,C004I,02,17.3,16.6,14.4,20.1,
T4,2019,M001,C004J,02,47.6,18.7,38.7,56.5,
T4,2019,M001,C004K,02,29.4,6.9,27.3,31.4,
T4,2019,M001,C004A,03,37,16.8,30.8,43.2,
T4,2019,M001,C004B,03,51.3,32.4,34.7,68,
T4,2019,M001,C004C,03,53.9,19.6,43.3,64.5,
T4,2019,M001,C004D,03,48.1,35.8,30.9,65.3,
T4,2019,M001,C004E,03,54.8,26.9,40.1,69.6,
T4,2019,M001,C004F,03,26.5,45.5,14.4,38.5,
T4,2019,M001,C004G,03,30.1,41.2,17.7,42.5,
T4,2019,M001,C004H,03,41.5,27.2,30.2,52.8,
T4,2019,M001,C004I,03,12.4,33.4,8.2,16.5,
T4,2019,M001,C004J,03,40.2,27.4,29.2,51.1,
T4,2019,M001,C004K,03,36.7,9.4,33.2,40.1,
T4,2019,M001,C004A,04,313.9,6.2,294.5,333.2,
T4,2019,M001,C004B,04,411.4,10.5,368.1,454.8,
T4,2019,M001,C004C,04,380.1,10.5,340.1,420,
T4,2019,M001,C004D,04,604.7,47,320.7,888.7,
T4,2019,M001,C004E,04,380.8,11.2,338,423.7,
T4,2019,M001,C004F,04,341.2,8.3,312.8,369.5,
T4,2019,M001,C004G,04,289,16.4,241.6,336.4,
T4,2019,M001,C004H,04,440.5,10.7,393.5,487.6,
T4,2019,M001,C004I,04,212.3,8.7,193.8,230.8,
T4,2019,M001,C004J,04,435,10.1,391.2,478.8,
T4,2019,M001,C004K,04,344.2,4.9,327.5,360.9,
T4,2019,M001,C004A,05,61.3,11.3,54.4,68.2,
T4,2019,M001,C004B,05,73,28.6,52.1,93.9,
T4,2019,M001,C004C,05,69.8,27.8,50.4,89.2,
T4,2019,M001,C004D,05,62.1,30.7,43,81.2,
T4,2019,M001,C004E,05,62.4,23.5,47.7,77.1,
T4,2019,M001,C004F,05,24.5,25.3,18.3,30.7,
T4,2019,M001,C004G,05,34.5,43.4,19.5,49.4,
T4,2019,M001,C004H,05,51.7,19,41.9,61.6,
T4,2019,M001,C004I,05,28.1,23.2,21.6,34.7,
T4,2019,M001,C004J,05,40.5,19.7,32.5,48.5,
T4,2019,M001,C004K,05,51.3,7.7,47.4,55.2,
T4,2019,M001,C004A,06,49.7,14.8,42.4,57.1,
T4,2019,M001,C004B,06,39.7,33.1,26.5,52.8,
T4,2019,M001,C004C,06,48.7,29.4,34.4,63,
T4,2019,M001,C004D,06,36.6,44.7,20.3,53,
T4,2019,M001,C004E,06,67.4,32.5,45.5,89.3,
T4,2019,M001,C004F,06,20.1,38.4,12.4,27.8,
T4,2019,M001,C004G,06,36.4,36.6,23,49.7,
T4,2019,M001,C004H,06,55.7,49.2,28.3,83.2,
T4,2019,M001,C004I,06,24.1,40.7,14.3,33.9,
T4,2019,M001,C004J,06,27.1,30.4,18.9,35.3,
T4,2019,M001,C004K,06,41.9,10.3,37.6,46.2,
T4,2019,M001,C004A,07,239.4,9.5,216.6,262.2,
T4,2019,M001,C004B,07,208.6,15.7,175.9,241.3,
T4,2019,M001,C004C,07,292.4,20.1,233.8,351,
T4,2019,M001,C004D,07,268.1,21.2,211.3,324.9,
T4,2019,M001,C004E,07,335.1,13.2,290.7,379.5,
T4,2019,M001,C004F,07,88.8,16.3,74.3,103.2,
T4,2019,M001,C004G,07,174,18.7,141.3,206.6,
T4,2019,M001,C004H,07,250.5,18.5,204.2,296.8,
T4,2019,M001,C004I,07,93.8,21,74,113.5,
T4,2019,M001,C004J,07,247.2,17,205.2,289.3,
T4,2019,M001,C004K,07,215.8,5.4,204.3,227.4,
T4,2019,M001,C004A,08,34.7,7.2,32.2,37.2,
T4,2019,M001,C004B,08,36.6,8.7,33.5,39.8,
T4,2019,M001,C004C,08,54.6,51.9,26.3,82.9,
T4,2019,M001,C004D,08,39.4,14.4,33.7,45,
T4,2019,M001,C004E,08,57.6,23.9,43.8,71.3,
T4,2019,M001,C004F,08,27.2,11.4,24.1,30.3,
T4,2019,M001,C004G,08,62.2,63.4,22.7,101.6,
T4,2019,M001,C004H,08,51.1,20.1,40.8,61.4,
T4,2019,M001,C004I,08,22.8,7.3,21.1,24.4,
T4,2019,M001,C004J,08,38.2,13,33.2,43.1,
T4,2019,M001,C004K,08,39,9,35.5,42.5,
T4,2019,M001,C004A,09,163.6,17,135.8,191.4,
T4,2019,M001,C004B,09,120.2,20.9,95.1,145.3,
T4,2019,M001,C004C,09,164,16.5,137,191.1,
T4,2019,M001,C004D,09,163.9,23.3,125.6,202.1,
T4,2019,M001,C004E,09,205.1,22.5,159,251.3,
T4,2019,M001,C004F,09,60.2,26,44.6,75.8,
T4,2019,M001,C004G,09,103.2,29.3,72.9,133.4,
T4,2019,M001,C004H,09,123.4,21.6,96.7,150,
T4,2019,M001,C004I,09,63.4,25.5,47.2,79.6,
T4,2019,M001,C004J,09,101.1,19.4,81.4,120.7,
T4,2019,M001,C004K,09,130,8.2,119.4,140.6,
T4,2019,M001,C004A,10,7.1,77.8,1.6,12.6,
T4,2019,M001,C004B,10,42.9,41.8,25,60.9,
T4,2019,M001,C004C,10,53,23.3,40.6,65.4,
T4,2019,M001,C004D,10,38,40,22.8,53.3,
T4,2019,M001,C004E,10,18.5,46.1,10,27,
T4,2019,M001,C004F,10,14.3,32.3,9.6,18.9,
T4,2019,M001,C004G,10,15,79.7,3,26.9,
T4,2019,M001,C004H,10,29.9,52,14.3,45.5,
T4,2019,M001,C004I,10,0.9,64.2,0.3,1.5,
T4,2019,M001,C004J,10,36.7,87.3,4.7,68.7,
T4,2019,M001,C004K,10,19.5,17.2,16.1,22.8,
T4,2019,M001,C004A,11,130.9,6.6,122.3,139.5,
T4,2019,M001,C004B,11,130.9,19,106.1,155.8,
T4,2019,M001,C004C,11,139.1,10.5,124.5,153.7,
T4,2019,M001,C004D,11,125.2,14.6,106.9,143.6,
T4,2019,M001,C004E,11,190.5,13.6,164.6,216.4,
T4,2019,M001,C004F,11,52,15.3,44,59.9,
T4,2019,M001,C004G,11,88.7,20.4,70.6,106.8,
T4,2019,M001,C004H,11,128.9,26.8,94.5,163.4,
T4,2019,M001,C004I,11,55,10.2,49.4,60.5,
T4,2019,M001,C004J,11,98,14.9,83.3,112.6,
T4,2019,M001,C004K,11,114.2,4.3,109.2,119.2,
T4,2019,M001,C004A,13,100.7,10.4,90.2,111.2,
T4,2019,M001,C004B,13,222.2,12.8,193.7,250.7,
T4,2019,M001,C004C,13,238.7,14.1,204.9,272.4,
T4,2019,M001,C004D,13,219.2,28.4,156.8,281.6,
T4,2019,M001,C004E,13,170.6,14.4,146,195.2,
T4,2019,M001,C004F,13,75.4,24.5,57,93.9,
T4,2019,M001,C004G,13,84.7,30.9,58.6,110.9,
T4,2019,M001,C004H,13,199.5,21.8,156,243,
T4,2019,M001,C004I,13,49.7,22,38.7,60.6,
T4,2019,M001,C004J,13,167.4,27.8,121,213.9,
T4,2019,M001,C004K,13,133.6,6.2,125.4,141.9,
T4,2019,M001,C004A,14,-58,65.2,-95.8,-20.1,
T4,2019,M001,C004B,14,-22,40.8,-30.9,-13,
T4,2019,M001,C004C,14,-33.7,35.6,-45.7,-21.7,
T4,2019,M001,C004D,14,-33.4,44.4,-48.2,-18.6,
T4,2019,M001,C004E,14,-68.2,50.7,-102.8,-33.6,
T4,2019,M001,C004F,14,-7.1,89.1,-13.3,-0.8,
T4,2019,M001,C004G,14,-19.1,58.2,-30.2,-8,
T4,2019,M001,C004H,14,-49.4,86.3,-92,-6.8,
T4,2019,M001,C004I,14,-29.3,56.1,-45.8,-12.9,
T4,2019,M001,C004J,14,-23.1,50.6,-34.8,-11.4,
T4,2019,M001,C004K,14,-40.4,27.9,-51.6,-29.1,
T4,2019,M001,C004A,Net,1330.1,5.6,1256.1,1404.1,
T4,2019,M001,C004B,Net,1600.2,8.3,1466.8,1733.7,
T4,2019,M001,C004C,Net,1804.1,6.6,1685.2,1923,
T4,2019,M001,C004D,Net,1927.4,18.9,1563.7,2291.1,
T4,2019,M001,C004E,Net,1890.4,8.8,1723.4,2057.4,
T4,2019,M001,C004F,Net,885.4,7.8,816.2,954.5,
T4,2019,M001,C004G,Net,1133,13.2,983.9,1282.1,
T4,2019,M001,C004H,Net,1668.3,8.7,1522.7,1813.8,
T4,2019,M001,C004I,Net,645,8.4,590.7,699.4,
T4,2019,M001,C004J,Net,1539.3,7.2,1428.4,1650.1,
T4,2019,M001,C004K,Net,1348.7,2.7,1311.7,1385.7,
T4,2019,M001,C005A,01,243.3,3.4,235,251.5,
T4,2019,M001,C005B,01,196.8,5.3,186.3,207.2,
T4,2019,M001,C005C,01,294.7,12.8,257,332.4,
T4,2019,M001,C005D,01,233.6,2.9,226.8,240.3,
T4,2019,M001,C005A,02,30.6,10.1,27.5,33.7,
T4,2019,M001,C005B,02,26.3,11.1,23.4,29.2,
T4,2019,M001,C005C,02,33.1,13,28.8,37.4,
T4,2019,M001,C005D,02,29.4,6.9,27.3,31.4,
T4,2019,M001,C005A,03,41.1,13.5,35.5,46.6,
T4,2019,M001,C005B,03,28.3,15.5,23.9,32.6,
T4,2019,M001,C005C,03,43,20.7,34.1,51.9,
T4,2019,M001,C005D,03,36.7,9.4,33.2,40.1,
T4,2019,M001,C005A,04,300.7,5.3,284.7,316.6,
T4,2019,M001,C005B,04,397.8,4.5,379.9,415.7,
T4,2019,M001,C005C,04,360.7,25,270.5,450.8,
T4,2019,M001,C005D,04,344.2,4.9,327.5,360.9,
T4,2019,M001,C005A,05,60.8,9.7,54.9,66.7,
T4,2019,M001,C005B,05,31.7,14.1,27.2,36.2,
T4,2019,M001,C005C,05,68,16.5,56.7,79.2,
T4,2019,M001,C005D,05,51.3,7.7,47.4,55.2,
T4,2019,M001,C005A,06,45.9,12.7,40.1,51.8,
T4,2019,M001,C005B,06,25,18.3,20.4,29.6,
T4,2019,M001,C005C,06,71.1,29.1,50.4,91.7,
T4,2019,M001,C005D,06,41.9,10.3,37.6,46.2,
T4,2019,M001,C005A,07,227.7,8.1,209.2,246.2,
T4,2019,M001,C005B,07,158.6,8.4,145.4,171.9,
T4,2019,M001,C005C,07,322.2,17.8,265,379.5,
T4,2019,M001,C005D,07,215.8,5.4,204.3,227.4,
T4,2019,M001,C005A,08,42.4,15.9,35.7,49.2,
T4,2019,M001,C005B,08,34.4,9.8,31,37.8,
T4,2019,M001,C005C,08,38.7,10,34.9,42.6,
T4,2019,M001,C005D,08,39,9,35.5,42.5,
T4,2019,M001,C005A,09,140.5,9.1,127.7,153.3,
T4,2019,M001,C005B,09,74,10.1,66.5,81.4,
T4,2019,M001,C005C,09,237.7,22.9,183.3,292,
T4,2019,M001,C005D,09,130,8.2,119.4,140.6,
T4,2019,M001,C005A,10,17.4,19.3,14,20.7,
T4,2019,M001,C005B,10,18.9,38.2,11.7,26.2,
T4,2019,M001,C005C,10,28.4,45.4,15.5,41.4,
T4,2019,M001,C005D,10,19.5,17.2,16.1,22.8,
T4,2019,M001,C005A,11,132.7,6.1,124.6,140.8,
T4,2019,M001,C005B,11,61.6,8.5,56.4,66.9,
T4,2019,M001,C005C,11,185,10.7,165.2,204.8,
T4,2019,M001,C005D,11,114.2,4.3,109.2,119.2,
T4,2019,M001,C005A,13,185.8,6.6,173.6,198,
T4,2019,M001,C005B,13,52,13.6,44.9,59,
T4,2019,M001,C005C,13,161,20.7,127.7,194.3,
T4,2019,M001,C005D,13,133.6,6.2,125.4,141.9,
T4,2019,M001,C005A,14,-37.6,26.8,-47.6,-27.5,
T4,2019,M001,C005B,14,-36.6,77.4,-64.9,-8.2,
T4,2019,M001,C005C,14,-60.2,31.4,-79.1,-41.3,
T4,2019,M001,C005D,14,-40.4,27.9,-51.6,-29.1,
T4,2019,M001,C005A,Net,1431.3,3.7,1377.9,1484.7,
T4,2019,M001,C005B,Net,1068.8,5,1015.6,1121.9,
T4,2019,M001,C005C,Net,1783.3,9.8,1608.1,1958.6,
T4,2019,M001,C005D,Net,1348.7,2.7,1311.7,1385.7,
